<?xml version="1.0" encoding="UTF-8"?>
<project-private xmlns="http://www.netbeans.org/ns/project-private/1">
    <editor-bookmarks xmlns="http://www.netbeans.org/ns/editor-bookmarks/2" lastBookmarkId="0"/>
    <open-files xmlns="http://www.netbeans.org/ns/projectui-open-files/2">
        <group>
            <file>file:/C:/xampp/htdocs/Project2/whiteriver.html</file>
            <file>file:/C:/xampp/htdocs/Project2/getCityState.php</file>
            <file>file:/C:/xampp/htdocs/Project2/exskelibur.html</file>
            <file>file:/C:/xampp/htdocs/Project2/order.php</file>
            <file>file:/C:/xampp/htdocs/Project2/form_validation.js</file>
            <file>file:/C:/xampp/htdocs/Project2/make_db.php</file>
            <file>file:/C:/xampp/htdocs/Project2/bokerplus.html</file>
            <file>file:/C:/xampp/htdocs/Project2/pdo.php</file>
            <file>file:/C:/xampp/htdocs/Project2/index.php</file>
        </group>
    </open-files>
</project-private>
